<?xml version="1.0" encoding="UTF-8"?>
<!DOCTYPE mapper
  PUBLIC "-//mybatis.org//DTD Mapper 3.0//EN"
  "https://mybatis.org/dtd/mybatis-3-mapper.dtd">
  <mapper namespace="com.maker.mapper.TicketMapper">
  <select id="selectMovieList" resultType="com.maker.vo.TicketVO">
  	select * from ticket
  </select>
  <insert id = "insert">
  	<selectKey keyProperty="tno" order="BEFORE"
  		resultType="long">
  		select seq_ticket.nextval from dual
  	</selectKey>
  	insert into movie(tno, t_title, t_price, sno, mno, cno)
	values(seq_movie.nextval, #{t_title}, #{t_price},
		#{sno}, #{mno}, #{cno})
	</insert>
	<delete id="delete">
		delete from ticket where tno = #{tno}
	</delete>
	<select id="read" resultType="com.maker.vo.MovieVO">
		select * from ticket where cno = #{cno}
	</select>
	<update id="update">
		update ticket set mTime = #{t_time} where mTitle = #{t_title}
	</update>
	<select id="findByTitle" resultType="int">
		select count(*) from ticket where cno = #{cno}
	</select>
</mapper>